{
  "Login": "Masuk",
  "Dashboard": "Dasbor",
  "Add Transaction": "Tambah Transaksi",
  "All Transaction": "Semua Transaksi",
  "Recurring Invoice": "Faktur Berkala",
  "Transaction Categories": "Kategori Transaksi",
  "Admission Plan": "Rencana Penerimaan",
  "Others": "Lainnya",
  "Meeting": "Pertemuan",
  "All Students": "Semua Siswa",
  "Student Admission": "Penerimaan Siswa",
  "Course": "Kursus",
  "Exam": "Ujian",
  "Event List": "Daftar Acara",
  "Grade": "Nilai",
  "Class Schedule": "Jadwal Kelas",
  "Notice Board": "Papan Pengumuman",
  "Leave Request": "Permintaan Cuti",
  "Signed in as": "Masuk sebagai",
  "Profile": "Profil",
  "Logout": "Keluar",
  "Application Layout": "Tata Letak Aplikasi",
  "Category": "Kategori",
  "List": "Daftar",
  "Home": "Beranda",
  "App Center": "Pusat Aplikasi",
  "Application": "Aplikasi",
  "Notice-Board": "Papan Pengumuman",
  "Academic": "Akademik",
  "Subject": "Mata Pelajaran",
  "Department": "Departemen",
  "Students": "Siswa",
  "Roles": "Peran",
  "Language": "Bahasa",
  "Assignment": "Tugas",
  "Attendance": "Kehadiran",
  "Syllabus": "Silabus",
  "Transaction": "Transaksi",
  "Transaction Create": "Buat Transaksi",
  "Congratulations": "Selamat",
  "Student Promotion": "Promosi Siswa",
  "Reports": "Laporan",
  "Settings": "Pengaturan",
  "Holiday": "Libur",
  "All Events": "Semua Acara",
  "Teacher List": "Daftar Guru",
  "General": "Umum",
  "Website": "Situs Web",
  "Currency": "Mata Uang",
  "Recaptcha": "Recaptcha",
  "SMTP": "SMTP",
  "Payment": "Pembayaran",
  "Upgrade": "Upgrade",
  "Other": "Lainnya",
  "My Course": "Kursus Saya",
  "Children": "Anak-anak",
  "Online Class": "Kelas Online",
  "Messages": "Pesan",
  "Schedule": "Jadwal",
  "Fees Payment": "Pembayaran Biaya",
  "My Courses": "Kursus Saya",
  "My Classes": "Kelas Saya",
  "My Schedule": "Jadwal Saya",
  "Online Classes": "Kelas Online",
  "My Messages": "Pesan Saya",
  "Learn more": "Pelajari lebih lanjut",
  "Dismiss": "Tutup",
  "Register": "Daftar",
  "All rights reserved": "Seluruh hak cipta dilindungi",
  "Notifications": "Notifikasi",
  "You Dont Have Any Notifications": "Anda Tidak Memiliki Pemberitahuan",
  "Quick Actions": "Aksi Cepat",
  "Teacher Registration": "Pendaftaran Guru",
  "Pending Leave": "Cuti Menunggu",
  "Add an Announcement": "Tambah Pengumuman",
  "Create an Event": "Buat Acara",
  "Create a Class": "Buat Kelas",
  "Create an Assignment": "Buat Tugas",
  "Take Attendance": "Ambil Kehadiran",
  "Add Recurring Invoice": "Tambah Faktur Berkala",
  "New Invoice": "Faktur Baru",
  "Add Item": "Tambahkan Item",
  "Download Old": "Unduh Lama",
  "Total Amount": "Total Jumlah",
  "One Time Invoice": "Faktur Satu Kali",
  "Create Invoice": "Buat Faktur",
  "Supported extension": "Ekstensi yang Didukung",
  "Invoice Title": "Judul Faktur",
  "Invoice No": "Nomor Faktur",
  "Due Date": "Tanggal Jatuh Tempo",
  "Select Specific Date": "Pilih Tanggal Tertentu",
  "Recurring Invoice Schedule": "Jadwal Faktur Berkala",
  "Select Date": "Pilih Tanggal",
  "Edit Invoice": "Edit Faktur",
  "Edit Recurring Invoice": "Edit Faktur Berkala",
  "Select Recipient": "Pilih Penerima",
  "Created At": "Dibuat pada",
  "Document": "Dokumen",
  "Nothing Found": "Tidak Ada yang Ditemukan",
  "Invoice List": "Daftar Faktur",
  "Create New Invoice": "Buat Faktur Baru",
  "One Time": "Satu Kali",
  "Recurring": "Berkala",
  "Cancelled": "Dibatalkan",
  "Recipient Email": "Email Penerima",
  "Details": "Detail",
  "Send Via Email": "Kirim Via Email",
  "Print": "Cetak",
  "Price": "Harga",
  "Expense": "Biaya",
  "Over Due": "Jatuh Tempo",
  "Transaction List": "Daftar Transaksi",
  "You are viewing": "Anda sedang melihat",
  "s dashboard": "dasbor",
  "You can change child from below or you go your dashboard": "Anda dapat mengganti anak di bawah atau pergi ke dasbor Anda",
  "Click Here": "Klik Di Sini",
  "Search": "Cari",
  "Toggle Navigation": "Alihkan Navigasi",
  "Student Admission Request": "Permintaan Penerimaan Siswa",
  "All Student": "Semua Siswa",
  "Keyword": "Kata Kunci",
  "Student": "Siswa",
  "Parent Email": "Email Orang Tua",
  "Details Request": "Detail Permintaan",
  "No Data Found": "Tidak Ada Data Ditemukan",
  "Close": "Tutup",
  "Go To Back": "Kembali",
  "Manual": "Manual",
  "From CSV": "Dari CSV",
  "View Example Demo": "Lihat Demo Contoh",
  "Download Example File": "Unduh File Contoh",
  "Submit": "Kirim",
  "Student Information": "Informasi Siswa",
  "Parent Information": "Informasi Orang Tua",
  "Course & Plan": "Kursus & Rencana",
  "Male": "Laki-laki",
  "Female": "Perempuan",
  "Select Avatar": "Pilih Avatar",
  "Add New Parent": "Tambahkan Orang Tua Baru",
  "Phone Number": "Nomor Telepon",
  "Address": "Alamat",
  "Select Department": "Pilih Departemen",
  "Document Title": "Judul Dokumen",
  "Download Document": "Unduh Dokumen",
  "Subjects": "Mata Pelajaran",
  "Plan": "Rencana",
  "Back": "Kembali",
  "Next": "Selanjutnya",
  "Add Parent": "Tambah Orang Tua",
  "Bulk Admission": "Penerimaan Massal",
  "Single Admission": "Penerimaan Tunggal",
  "Admission Request": "Permintaan Penerimaan",
  "Data": "Data",
  "Click to upload": "Klik untuk mengunggah",
  "or drag and drop": "atau seret dan lepas",
  "Add New": "Tambah Baru",
  "Email": "Email",
  "Phone": "Telepon",
  "Session": "Sesi",
  "Class": "Kelas",
  "Edit Comment": "Edit Komentar",
  "Edit": "Edit",
  "Create Announcement": "Buat Pengumuman",
  "Update Announcement": "Perbarui Pengumuman",
  "All Announcement": "Semua Pengumuman",
  "Enter title": "Masukkan judul",
  "Update": "Perbarui",
  "Announcements": "Pengumuman",
  "Create New Announcement": "Buat Pengumuman Baru",
  "Download Attachment": "Unduh Lampiran",
  "All Notice": "Semua Pemberitahuan",
  "Notice Details": "Detail Pemberitahuan",
  "Comments": "Komentar",
  "Course List": "Daftar Kursus",
  "Course Management": "Manajemen Kursus",
  "Add Course": "Tambah Kursus",
  "Created at": "Dibuat pada",
  "Create New Plan": "Buat Rencana Baru",
  "Has Multiple Subject": "Memiliki Mata Pelajaran Berganda",
  "Add More": "Tambahkan Lagi",
  "Remove Item": "Hapus Item",
  "Add Plan": "Tambah Rencana",
  "Departments": "Departemen",
  "Event": "Acara",
  "Create Event": "Buat Acara",
  "Create New Event": "Buat Acara Baru",
  "Update Event": "Perbarui Acara",
  "Previous": "Sebelumnya",
  "Enter exam name": "Masukkan nama ujian",
  "Name": "Nama",
  "GPA": "IPK",
  "Date": "Tanggal",
  "Status": "Status",
  "Action": "Aksi",
  "Enter mark": "Masukkan nilai",
  "Enter grade": "Masukkan nilai huruf",
  "Create New": "Buat Baru",
  "Score": "Skor",
  "marks": "nilai",
  "Grade Point Average": "Rata-rata Nilai Angka",
  "Holiday List": "Daftar Hari Libur",
  "Create New Holiday": "Buat Hari Libur Baru",
  "Leave List": "Daftar Cuti",
  "Leave": "Cuti",
  "Leave Type": "Jenis Cuti",
  "View All": "Lihat Semua",
  "Leave requests": "Permintaan Cuti",
  "Accept": "Terima",
  "Reject": "Tolak",
  "Choose a status": "Pilih status",
  "All": "Semua",
  "Pending": "Menunggu",
  "Accepted": "Diterima",
  "Rejected": "Ditolak",
  "Role": "Peran",
  "Insert Reject Cause": "Masukkan Alasan Penolakan",
  "Description": "Deskripsi",
  "Cancel": "Batal",
  "Days": "Hari",
  "Enter Topic": "Masukkan Topik",
  "Select Start Date": "Pilih Tanggal Mulai",
  "In Minutes": "Dalam Menit",
  "Enter Duration": "Masukkan Durasi",
  "Enter password": "Masukkan Kata Sandi",
  "All Users This Role": "Semua Pengguna dengan Peran Ini",
  "Add Meeting": "Tambah Pertemuan",
  "All Meeting": "Semua Pertemuan",
  "Topic": "Topik",
  "Host Email": "Email Host",
  "Start Date": "Tanggal Mulai",
  "Password": "Kata Sandi",
  "Meeting Start Url": "URL Mulai Pertemuan",
  "Meeting Join Url": "URL Bergabung Pertemuan",
  "Start Meeting": "Mulai Pertemuan",
  "Join Meeting": "Gabung Pertemuan",
  "Meeting Id": "ID Pertemuan",
  "Meeting Uuid": "UUID Pertemuan",
  "Start Time": "Waktu Mulai",
  "From": "Dari",
  "Select a student": "Pilih siswa",
  "Roll No": "Nomor Induk",
  "Select Course": "Pilih Kursus",
  "No Department Available": "Tidak Ada Departemen Tersedia",
  "Promoting To": "Menaikkan Kelas ke",
  "Attendance Report": "Laporan Kehadiran",
  "Student Attendance": "Kehadiran Siswa",
  "Attendance Sheet of": "Lembar Kehadiran untuk",
  "Attendance Sheet": "Lembar Kehadiran",
  "Export": "Ekspor",
  "Please choose the month, student, class, and subject": "Silakan pilih bulan, siswa, kelas, dan mata pelajaran",
  "Export Data": "Ekspor Data",
  "Report": "Laporan",
  "Select Teacher": "Pilih Guru",
  "Teacher": "Guru",
  "Week-Day": "Hari Minggu",
  "End Time": "Waktu Selesai",
  "Income & Expense": "Pendapatan & Pengeluaran",
  "Result List": "Daftar Hasil",
  "Student Report": "Laporan Siswa",
  "Search: student name/email": "Cari: nama/email siswa",
  "Joined at": "Bergabung pada",
  "Transactions": "Transaksi",
  "Transactions Report": "Laporan Transaksi",
  "Unpaid": "Belum Dibayar",
  "Paid": "Dibayar",
  "Income": "Pendapatan",
  "Select user": "Pilih pengguna",
  "Type": "Tipe",
  "Amount": "Jumlah",
  "Paid Amount": "Jumlah Dibayar",
  "Create Routine": "Buat Jadwal",
  "Create a New Schedule": "Buat Jadwal Baru",
  "Back To List": "Kembali ke Daftar",
  "Delete": "Hapus",
  "Save": "Simpan",
  "Routine": "Jadwal",
  "Time": "Waktu",
  "Section": "Bagian",
  "Section Name": "Nama Bagian",
  "Capacity": "Kapasitas",
  "Add Section": "Tambah Bagian",
  "Language Create": "Buat Bahasa",
  "All Language": "Semua Bahasa",
  "Left To Right": "Kiri ke Kanan",
  "Right To Left": "Kanan ke Kiri",
  "Language Edit": "Edit Bahasa",
  "Language | Settings": "Bahasa | Pengaturan",
  "Create": "Buat",
  "Roles & Permissions": "Peran & Izin",
  "Default": "Default",
  "Language Settings": "Pengaturan Bahasa",
  "Translate Language": "Terjemahkan Bahasa",
  "Total": "Total",
  "Enter Name": "Masukkan Nama",
  "Role Create": "Buat Peran",
  "All Roles": "Semua Peran",
  "Role Edit": "Edit Peran",
  "Role List | Settings": "Daftar Peran | Pengaturan",
  "RoleCreate Role": "Buat Peran",
  "Currency | Settings": "Mata Uang | Pengaturan",
  "Currency Setting": "Pengaturan Mata Uang",
  "Update Currency": "Perbarui Mata Uang",
  "Create Currency": "Buat Mata Uang",
  "General Settings | Settings": "Pengaturan Umum | Pengaturan",
  "General Settings": "Pengaturan Umum",
  "Basic Setting": "Pengaturan Dasar",
  "Click the button below to select the file": "Klik tombol di bawah ini untuk memilih file",
  "Select files": "Pilih file",
  "Maximum upload file size": "Ukuran file maksimum yang dapat diunggah",
  "Administrator Email": "Email Administrator",
  "Administrator Phone Number": "Nomor Telepon Administrator",
  "School Address": "Alamat Sekolah",
  "Short Description About Your School": "Deskripsi Singkat Tentang Sekolah Anda",
  "Save Changes": "Simpan Perubahan",
  "Other Setting": "Pengaturan Lainnya",
  "Cache": "Cache",
  "Clear View Cache": "Hapus Cache Tampilan",
  "Run Command": "Jalankan Perintah",
  "Clear Route Cache": "Hapus Cache Rute",
  "Clear Config Cache": "Hapus Cache Konfigurasi",
  "Clear Application Cache": "Hapus Cache Aplikasi",
  "Migration": "Migrasi",
  "Migrate Database (If needed to migrate database)": "Migrasi Database (Jika diperlukan untuk migrasi database)",
  "Payment Setting | Settings": "Pengaturan Pembayaran | Pengaturan",
  "Payment Setting": "Pengaturan Pembayaran",
  "Recaptcha Setting | Settings": "Pengaturan Recaptcha | Pengaturan",
  "Recaptcha Setting": "Pengaturan Recaptcha",
  "Get Help": "Dapatkan Bantuan",
  "SMTP Settings | Settings": "Pengaturan SMTP | Pengaturan",
  "SMTP Settings": "Pengaturan SMTP",
  "Your Application might show an error if you don't have setup SMTP": "Aplikasi Anda mungkin menampilkan kesalahan jika Anda tidak mengatur SMTP",
  "Setup SMTP to send all applications emails, such as": "Atur SMTP untuk mengirim email semua aplikasi, seperti",
  "Forget Password": "Lupa Kata Sandi",
  "User Verification": "Verifikasi Pengguna",
  "Invoice": "Faktur",
  "many more": "banyak lagi",
  "Test your SMTP credentials here": "Uji kredensial SMTP Anda di sini",
  "Send Test Mail": "Kirim Email Uji",
  "Sending test emails can help verify that there are no issues with an email before launching your website": "Mengirim email uji dapat membantu memastikan bahwa tidak ada masalah dengan email sebelum meluncurkan situs web Anda",
  "Send": "Kirim",
  "Upgrade Guide": "Panduan Pembaruan",
  "Application current version": "Versi aplikasi saat ini",
  "Check here to see the latest version": "Periksa di sini untuk melihat versi terbaru",
  "Get the most recent product zip file by visiting this page": "Dapatkan file zip produk terbaru dengan mengunjungi halaman ini",
  "Check Here": "Periksa Di Sini",
  "Extract the downloaded zip file and find the app.zip file": "Ekstrak file zip yang diunduh dan temukan file app.zip",
  "Put that app.zip file in the server's application root directory": "Letakkan file app.zip tersebut di direktori root aplikasi server",
  "Extract app.zip (it will replace the most recent update in your application)": "Ekstrak app.zip (akan menggantikan pembaruan terbaru di aplikasi Anda)",
  "Finally, click the 'Upgrade Now' button below": "Terakhir, klik tombol 'Upgrade Now' di bawah ini",
  "Upgrade Now": "Upgrade Sekarang",
  "Gallery Slider": "Slider Galeri",
  "Add Image": "Tambahkan Gambar",
  "Footer Social Media": "Media Sosial Footer",
  "Subject List": "Daftar Mata Pelajaran",
  "Filter By": "Filter Berdasarkan",
  "Filter Search": "Pencarian Filter",
  "Update Subject": "Perbarui Mata Pelajaran",
  "Create New Subject": "Buat Mata Pelajaran Baru",
  "Teacher Class List": "Daftar Kelas Guru",
  "Teacher Subject List": "Daftar Mata Pelajaran Guru",
  "Teacher Subject": "Mata Pelajaran Guru",
  "Teacher Documents": "Dokumen Guru",
  "Download": "Unduh",
  "Teacher Academic Details": "Detail Akademis Guru",
  "Highest Degree Name": "Nama Gelar Tertinggi",
  "Institute Name": "Nama Institut",
  "Passing Year": "Tahun Lulus",
  "Religion": "Agama",
  "Nationality": "Kebangsaan",
  "Assign New Subject": "Tetapkan Mata Pelajaran Baru",
  "Teacher Create": "Buat Guru",
  "All Teachers": "Semua Guru",
  "Basic Information": "Informasi Dasar",
  "Academic Information": "Informasi Akademis",
  "Course & Subject": "Kursus & Mata Pelajaran",
  "Add New Teachers": "Tambah Guru Baru",
  "Teacher Details": "Detail Guru",
  "Teacher Information": "Informasi Guru",
  "Gender": "Jenis Kelamin",
  "Leave History": "Riwayat Cuti",
  "Teacher's Subjects": "Mata Pelajaran Guru",
  "Teacher's Assignments": "Tugas Guru",
  "Student Documents": "Dokumen Siswa",
  "User Create": "Buat Pengguna",
  "All User": "Semua Pengguna",
  "User Edit": "Edit Pengguna",
  "Users": "Pengguna",
  "Total Admins": "Total Admin",
  "Total Parents": "Total Orang Tua",
  "Total Students": "Total Siswa",
  "Total Teachers": "Total Guru",
  "Create User": "Buat Pengguna",
  "Active/Ban": "Aktif/Dilarang",
  "Parent": "Orang Tua",
  "Student Details": "Detail Siswa",
  "Student Performance": "Performa Siswa",
  "Date Of Birth": "Tanggal Lahir",
  "Average Assignment Mark": "Rata-rata Nilai Tugas",
  "Average Attendance Mark": "Rata-rata Nilai Kehadiran",
  "Invoice History": "Histori Faktur",
  "Title": "Judul",
  "Attendance History": "Histori Kehadiran",
  "Minutes": "Menit",
  "Exam List": "Daftar Ujian",
  "Total Users": "Total Pengguna",
  "View": "Lihat",
  "Admins": "Admin",
  "Teachers": "Guru",
  "Parents": "Orang Tua",
  "Accountants": "Akuntan",
  "Total Leave Requests": "Total Permintaan Cuti",
  "Requests": "Permintaan",
  "Exams (Current Month)": "Ujian (Bulan Ini)",
  "Events (Current Week)": "Acara (Minggu Ini)",
  "Programs": "Program",
  "Student Payment": "Pembayaran Siswa",
  "Today": "Hari Ini",
  "This Week": "Minggu Ini",
  "This Month": "Bulan Ini",
  "Upcoming Birthdays": "Ulang Tahun Mendatang",
  "Upcoming Events": "Acara Mendatang",
  "View all": "Lihat Semua",
  "Calendar": "Kalender",
  "Reject Request": "Tolak Permintaan",
  "Accept Request": "Terima Permintaan",
  "Download example file": "Unduh file contoh",
  "Send Mail": "Kirim Email",
  "Show Calendar": "Tampilkan Kalender",
  "Remove image": "Hapus Gambar",
  "All Users": "Semua Pengguna",
  "API Tokens": "Token API",
  "This is a secure area of the application. Please confirm your password before continuing": "Ini adalah area aman dari aplikasi. Harap konfirmasi kata sandi Anda sebelum melanjutkan",
  "Confirm": "Konfirmasi",
  "A new verification link has been sent to the email address you provided in your profile settings": "Tautan verifikasi baru telah dikirim ke alamat email yang Anda berikan dalam pengaturan profil Anda",
  "Resend Verification Email": "Kirim Ulang Email Verifikasi",
  "Before continuing, could you verify your email address by clicking on the link we just emailed to you? If you didn't receive the email, we will gladly send you another": "Sebelum melanjutkan, bisakah Anda verifikasi alamat email Anda dengan mengklik tautan yang baru saja kami kirimkan? Jika Anda tidak menerima email, kami dengan senang hati akan mengirimkan yang lain",
  "Edit Profile": "Edit Profil",
  "Please confirm access to your account by entering the authentication code provided by your authenticator application": "Harap konfirmasi akses ke akun Anda dengan memasukkan kode otentikasi yang disediakan oleh aplikasi otentikasi Anda",
  "Please confirm access to your account by entering one of your emergency recovery codes": "Harap konfirmasi akses ke akun Anda dengan memasukkan salah satu kode pemulihan darurat Anda",
  "Use a recovery code": "Gunakan kode pemulihan",
  "Use an authentication code": "Gunakan kode otentikasi",
  "Two-factor Confirmation": "Konfirmasi Dua Faktor",
  "Reset Password": "Atur Ulang Kata Sandi",
  "Confirm Password": "Konfirmasi Kata Sandi",
  "I agree": "Saya Setuju",
  "Terms of Service": "Persyaratan Layanan",
  "and": "dan",
  "Privacy Policy": "Kebijakan Privasi",
  "Already registered": "Sudah terdaftar?",
  "Remember me": "Ingat saya",
  "Forgot your password": "Lupa kata sandi?",
  "Login to your account": "Masuk ke akun Anda",
  "Forgot your password? No problem. Just let us know your email address and we will email you a password reset link that will allow you to choose a new one": "Lupa kata sandi? Tidak masalah. Beri tahu kami alamat email Anda, dan kami akan mengirimkan tautan pengaturan ulang kata sandi yang memungkinkan Anda memilih yang baru",
  "Email Password Reset Link": "Email Tautan Pengaturan Ulang Kata Sandi",
  "Forgot Password": "Lupa Kata Sandi",
  "Admission": "Penerimaan",
  "Lets work together": "Mari kita bekerja sama",
  "We'd love to hear from you! Send us a message using the form opposite, or email us. We'd love to hear from you! Send us a message using the form opposite, or email us": "Kami ingin mendengar kabar dari Anda! Kirimkan pesan kepada kami menggunakan formulir di sebelah, atau email kami. Kami ingin mendengar kabar dari Anda! Kirimkan pesan kepada kami menggunakan formulir di sebelah, atau email kami",
  "Full Name": "Nama Lengkap",
  "Select Gender": "Pilih Jenis Kelamin",
  "Submitting": "Mengirimkan",
  "Optional": "Opsional",
  "Parent Email Address": "Alamat Email Orang Tua",
  "Announcement": "Pengumuman",
  "Recent Announcements": "Pengumuman Terbaru",
  "Here are the most recent announcements. You can get up-to-date information about school events and notices": "Berikut adalah pengumuman terbaru. Anda dapat mendapatkan informasi terkini tentang acara dan pemberitahuan sekolah",
  "Group Chat": "Obrolan Grup",
  "Your Message": "Pesan Anda",
  "No group found": "Tidak ada grup ditemukan",
  "Select a message group": "Pilih grup pesan",
  "No sharing files found": "Tidak ditemukan file berbagi",
  "Reply": "Balas",
  "You don't have any content": "Anda tidak memiliki konten",
  "Transaction-List": "Daftar Transaksi",
  "Syllabus List": "Daftar Silabus",
  "Download Syllabus": "Unduh Silabus",
  "Update Syllabus": "Perbarui Silabus",
  "Create New Syllabus": "Buat Silabus Baru",
  "Your Subjects List": "Daftar Mata Pelajaran Anda",
  "Your Subjects": "Mata Pelajaran Anda",
  "You don't have any subject": "Anda tidak memiliki mata pelajaran",
  "Enter Description": "Masukkan Deskripsi",
  "Class Password": "Kata Sandi Kelas",
  "Enter Duration In Minute": "Masukkan Durasi (Dalam Menit)",
  "Duration": "Durasi",
  "Select Subject": "Pilih Mata Pelajaran",
  "Select a subject": "Pilih mata pelajaran",
  "Start Class": "Mulai Kelas",
  "Start Link": "Tautan Mulai",
  "Course Topic": "Topik Kursus",
  "Completed": "Selesai",
  "Upcoming": "Mendatang",
  "Create a new class": "Buat kelas baru",
  "Classes": "Kelas",
  "Submissions Progress": "Progres Pengumpulan",
  "Remaining Submissions": "Pengumpulan Tersisa",
  "End Date": "Tanggal Selesai",
  "Class Assignment": "Tugas Kelas",
  "Contact Number": "Nomor Kontak",
  "Guardian Name": "Nama Wali",
  "Roll": "Gulir",
  "Student Name": "Nama Siswa",
  "Student List": "Daftar Siswa",
  "Course Schedule": "Jadwal Kursus",
  "Assignments": "Tugas",
  "Student List": "Daftar Siswa",
  "Join Link": "Tautan Bergabung",
  "Join": "Bergabung",
  "No Course Available": "Tidak Ada Kursus Tersedia",
  "Next Class": "Kelas Berikutnya",
  "Class by": "Kelas oleh",
  "Course by": "Kursus oleh",
  "Join Class": "Bergabung dengan Kelas",
  "Pending Assignments": "Tugas yang Menunggu",
  "Total Subjects": "Total Mata Pelajaran",
  "Rejected Leaves": "Cuti Ditolak",
  "Accepted Leaves": "Cuti Diterima",
  "Leaves": "Cuti",
  "Pending Assignment List": "Daftar Tugas yang Menunggu",
  "Examinations Today": "Ujian Hari Ini",
  "All month": "Semua Bulan",
  "All year": "Semua Tahun",
  "All week": "Semua Minggu",
  "Attendance Statistics": "Statistik Kehadiran",
  "Assignment submitted": "Tugas diserahkan",
  "Assignments Statistics": "Statistik Tugas",
  "Average marks": "Rata-rata nilai",
  "Monthly Performance": "Kinerja Bulanan",
  "Assignment Submissions": "Pengumpulan Tugas",
  "On track to meet expectations": "Pada jalur untuk memenuhi harapan",
  "Next Events": "Acara Mendatang",
  "This event is": "Acara ini",
  "Total Children": "Total Anak",
  "Financial Transactions": "Transaksi Keuangan",
  "Next Event": "Acara Berikutnya",
  "Unpaid Invoices": "Faktur Belum Dibayar",
  "Child": "Anak",
  "Pay Now": "Bayar Sekarang",
  "Creation Date": "Tanggal Pembuatan",
  "Total Paid Amount": "Total Jumlah yang Dibayar",
  "Total Class": "Total Kelas",
  "Present Class": "Kelas Saat Ini",
  "Present Rate": "Persentase Kehadiran",
  "Export Sheet": "Ekspor Lembar",
  "Attendance List": "Daftar Kehadiran",
  "Today action": "Tindakan Hari Ini",
  "Present": "Hadir",
  "Absent": "Tidak Hadir",
  "Late": "Terlambat",
  "No Students": "Tidak Ada Siswa",
  "Late Minutes": "Menit Terlambat",
  "MY Schedule": "Jadwal Saya",
  "Submission List": "Daftar Pengumpulan",
  "File": "Berkas",
  "Mark": "Nilai",
  "Select Status": "Pilih Status",
  "Submitted": "Diserahkan",
  "Not Submitted": "Belum Diserahkan",
  "Submit Your Assignment": "Serahkan Tugas Anda",
  "Supported format": "Format yang Didukung",
  "Assignment List": "Daftar Tugas",
  "You don't have any assignment": "Anda tidak memiliki tugas",
  "Payment Method": "Metode Pembayaran",
  "Student Teacher": "Guru Siswa",
  "Subject Details": "Detail Mata Pelajaran",
  "Submissions": "Pengumpulan",
  "No Assignment": "Tidak Ada Tugas",
  "Subject Assignment": "Tugas Mata Pelajaran",
  "Send Email": "Kirim Email",
  "Gained Mark": "Nilai yang Diperoleh",
  "Online Class-List": "Daftar Kelas Online",
  "Class Time": "Waktu Kelas",
  "Schedule Title": "Judul Jadwal",
  "Date Day-Month-Year": "Tanggal (Hari-Bulan-Tahun)",
  "Enter Roll Number": "Masukkan Nomor Gulir",
  "Avatar": "Avatar",
  "Saved": "Disimpan",
  "A new verification link has been sent to your email address": "Tautan verifikasi baru telah dikirim ke alamat email Anda",
  "Click here to re-send the verification email": "Klik di sini untuk mengirim ulang email verifikasi",
  "Your email address is unverified": "Alamat email Anda belum diverifikasi",
  "Remove Photo": "Hapus Foto",
  "Select A New Photo": "Pilih Foto Baru",
  "Update Password": "Perbarui Kata Sandi",
  "Ensure your account is using a long, random password to stay secure": "Pastikan akun Anda menggunakan kata sandi yang panjang dan acak untuk tetap aman",
  "Department of": "Departemen",
  "Assignment Marks": "Nilai Tugas",
  "Email Address": "Alamat Email",
  "Absent Class": "Kelas Absen",
  "Late Class": "Kelas Terlambat",
  "Create Language": "Buat Bahasa",
  "Code": "Kode",
  "Direction": "Arah",
  "Translate": "Terjemahkan",
  "Total Leave Apply": "Total Pengajuan Cuti",
  "Total Pending Leave": "Total Cuti Menunggu",
  "Total Approved Leave": "Total Cuti Disetujui",
  "Total Rejected Leave": "Total Cuti Ditolak",
  "Request for leave": "Permintaan Cuti",
  "Select Type": "Pilih Tipe",
  "No Leave Request": "Tidak ada Permintaan Cuti",
  "Select Plan": "Pilih Rencana",
  "Select Parent": "Pilih Orang Tua",
  "Select a sections": "Pilih Bagian",
  "Enter Email": "Masukkan Email",
  "Paypal": "Paypal",
  "Paypal Client ID (Live)": "ID Klien Paypal (Langsung)",
  "Paypal Client ID (Sandbox)": "ID Klien Paypal (Sandbox)",
  "Paypal Client Secret (Live)": "Rahasia Klien Paypal (Langsung)",
  "Paypal Client Secret (Sandbox)": "Rahasia Klien Paypal (Sandbox)",
  "Paypal Mode": "Mode Paypal",
  "Inactive": "Nonaktif",
  "Active": "Aktif",
  "Sandbox": "Sandbox",
  "Enter Client Id": "Masukkan ID Klien",
  "Enter Client Secret": "Masukkan Rahasia Klien",
  "Stripe": "Stripe",
  "Stripe Key": "Kunci Stripe",
  "Stripe Secret": "Rahasia Stripe",
  "Enter client key": "Masukkan kunci klien",
  "System Setting": "Pengaturan Sistem",
  "App Debug Mode": "Mode Debug Aplikasi",
  "Select a language": "Pilih Bahasa",
  "Set Default Currency": "Atur Mata Uang Default",
  "Set Default Language": "Atur Bahasa Default",
  "Timezone": "Zona Waktu",
  "Overdue After (Days)": "Keterlambatan Setelah (Hari)",
  "How many days after the due date will the transaction become overdue": "Berapa hari setelah tanggal jatuh tempo transaksi akan menjadi terlambat",
  "Working Days Setting": "Pengaturan Hari Kerja",
  "Please select the working days of the Institution": "Pilih hari kerja lembaga",
  "Sunday": "Minggu",
  "Monday": "Senin",
  "Tuesday": "Selasa",
  "Wednesday": "Rabu",
  "Thursday": "Kamis",
  "Friday": "Jumat",
  "Saturday": "Sabtu",
  "Show/Hide": "Tampilkan/Sembunyikan",
  "Name ( Text Logo )": "Nama (Logo Teks)",
  "App Name": "Nama Aplikasi",
  "Dark Theme Logo": "Logo Tema Gelap",
  "Light Theme Logo": "Logo Tema Terang",
  "Favicon": "Favicon",
  "Message To Recipient": "Pesan ke Penerima",
  "Invoice No or Recipient Email": "Nomor Faktur atau Email Penerima",
  "From Invoice Date": "Dari Tanggal Faktur",
  "End Invoice Date": "Tanggal Akhir Faktur",
  "Insert Title, Expense/Income or Type": "Masukkan Judul, Biaya/Pendapatan atau Tipe",
  "Mark Amount": "Tandai Jumlah",
  "Name, Email or Role": "Nama, Email atau Peran",
  "Select a role": "Pilih peran",
  "Present Address": "Alamat Sekarang",
  "Select Nationality": "Pilih Kebangsaan",
  "Your Email": "Email Anda",
  "Mail From Name": "Nama Pengirim Email",
  "Mail From Address": "Alamat Pengirim Email",
  "Mail Password": "Kata Sandi Email",
  "Mail Username": "Nama Pengguna Email",
  "Mail Port": "Port Email",
  "Mail Host": "Host Email",
  "Select a course": "Pilih kursus",
  "Select a department": "Pilih departemen",
  "Enter gpa": "Masukkan IPK",
  "Select Participant": "Pilih Peserta",
  "Text Logo Name": "Nama Logo Teks",
  "Enter School Name": "Masukkan Nama Sekolah",
  "Enter School Code": "Masukkan Kode Sekolah",
  "School Code": "Kode Sekolah",
  "Select a user": "Pilih pengguna",
  "Select Subjects": "Pilih Mata Pelajaran",
  "Select Student": "Pilih Siswa",
  "Select Month": "Pilih Bulan",
  "Search: Transactions Title": "Cari: Judul Transaksi",
  "Select Weekday": "Pilih Hari Kerja",
  "Select a teacher": "Pilih guru",
  "Your Key": "Kunci Anda",
  "Your Secret": "Rahasia Anda",
  "Select Language Name": "Pilih Nama Bahasa",
  "Select Language Code": "Pilih Kode Bahasa",
  "Enter Role Name": "Masukkan Nama Peran",
  "Password Update": "Perbarui Kata Sandi",
  "Enter Role Description": "Masukkan Deskripsi Peran",
  "Create Date": "Tanggal Pembuatan",
  "Info": "Info",
  "Thanks": "Terima Kasih",
  "Assignment Statistics": "Statistik Tugas",
  "Total Assignments": "Total Tugas",
  "Next Recurring Date": "Tanggal Kembali Selanjutnya",
  "New Admission": "Pendaftaran Baru",
  "Student ID": "ID Siswa",
  "Create Class Schedule": "Buat Jadwal Kelas",
  "Select Weekdays": "Pilih Hari Kerja",
  "Schedule Time": "Waktu Jadwal",
  "Meeting Password": "Sandi Pertemuan",
  "Select Participants Role": "Pilih Peran Peserta",
  "Meeting Description": "Deskripsi Pertemuan",
  "Select User": "Pilih Pengguna",
  "Document ( invoice or file from a shop or company bill )": "Dokumen (faktur atau file dari toko atau tagihan perusahaan)",
  "Supported extension .pdf, .doc, .docx, .zip, .jpeg, .png": "Ekstensi yang didukung .pdf, .doc, .docx, .zip, .jpeg, .png",
  "Add New Notice": "Tambahkan Pemberitahuan Baru",
  "Board Title": "Judul Papan",
  "Image": "Gambar",
  "Upload Image": "Unggah Gambar",
  "Supported format - png, jpg, jpeg": "Format yang didukung - png, jpg, jpeg",
  "Public": "Publik",
  "Private": "Pribadi",
  "Read Full Notice": "Baca Penuh Pemberitahuan",
  "Exams": "Ujian",
  "Create A New Plan": "Buat Rencana Baru",
  "Create A New Course": "Buat Kursus Baru",
  "Edit Course": "Edit Kursus",
  "Color": "Warna",
  "Participants": "Peserta",
  "Cause": "Sebab",
  "Edit Leave": "Edit Cuti",
  "Select Role Type": "Pilih Jenis Peran",
  "Role Type": "Jenis Peran",
  "Date of Birth": "Tanggal Lahir",
  "Note": "Catatan",
  "Website Logo Type": "Jenis Logo Situs Web",
  "Text ( App Name )": "Teks ( Nama Aplikasi )",
  "Image ( Logo )": "Gambar ( Logo )",
  "Mail Encryption": "Enkripsi Email",
  "No student": "Tidak ada siswa",
  "prev": "Sebelumnya",
  "next": "Berikutnya",
  "today": "Hari ini",
  "month": "Bulan",
  "week": "Minggu",
  "day": "Hari",
  "list": "Daftar",
  "This Month Weeks": "Minggu Ini",
  "Write A Comment": "Tulis Komentar",
  "Publish": "Publikasikan",
  "Total Leave": "Total Cuti",
  "Events Today": "Acara Hari Ini",
  "Deadline": "Batas Waktu",
  "Create New Class": "Buat Kelas Baru",
  "Class Description": "Deskripsi Kelas",
  "Link": "Tautan",
  "Assignment Title": "Judul Tugas",
  "Upload Syllabus": "Unggah Silabus",
  "Monthly Fees Collection": "Pengumpulan Biaya Bulanan",
  "Fees Awaiting Payment": "Biaya Menunggu Pembayaran",
  "Monthly Expense": "Pengeluaran Bulanan",
  "Over Due Transactions": "Transaksi Tertunda",
  "This Month Fees Collection": "Pengumpulan Biaya Bulan Ini",
  "Fees Collected": "Biaya Terkumpul",
  "Pending Collection": "Pengumpulan Menunggu",
  "Incomes & Expenses": "Pendapatan & Pengeluaran",
  "Total Expenses Paid": "Total Pengeluaran Dibayar",
  "Pending Expenses": "Pengeluaran Menunggu",
  "Attachments": "Lampiran",
  "Select Currency": "Pilih Mata Uang",
  "Repeat Every": "Ulang Setiap",
  "Invoice Number": "Nomor Faktur",
  "Invoice Date": "Tanggal Faktur",
  "Invoice Type": "Jenis Faktur",
  "Select type": "Pilih tipe",
  "Add New Category": "Tambahkan Kategori Baru",
  "Today Classes": "Kelas Hari Ini",
  "Leave Duration": "Durasi Cuti",
  "Benefits": "Manfaat",
  "Create Slider Gallery": "Buat Galeri Slider",
  "Social Media Setting": "Pengaturan Media Sosial",
  "Update Social Media": "Perbarui Media Sosial",
  "Create Social Media": "Buat Media Sosial",
  "URL": "URL",
  "Symbol": "Simbol",
  "This information will be displayed publicly so be careful what you share.": "Informasi ini akan ditampilkan secara publik, jadi berhati-hatilah dengan apa yang Anda bagikan.",
  "Mail Driver": "Driver Email",
  "Minutes Late": "Menit Terlambat",
  "Add New Transaction": "Tambahkan Transaksi Baru",
  "Apply Filter": "Terapkan Filter",
  "Pending Fees": "Biaya Menunggu",
  "Present Score": "Nilai Kehadiran",
  "Transaction Overview": "Ikhtisar Transaksi",
  "View Details": "Lihat Detail",
  "All Attendance": "Semua Kehadiran",
  "Last Month": "Bulan Lalu",
  "Last Six Month": "Enam Bulan Terakhir",
  "Your Children": "Anak-Anak Anda",
  "A school management software simplifies administration by managing classes, assignments, students, and payments in one place, enhancing efficiency and productivity": "Perangkat lunak manajemen sekolah menyederhanakan administrasi dengan mengelola kelas, tugas, siswa, dan pembayaran di satu tempat, meningkatkan efisiensi dan produktivitas.",
  "No Announcement Available": "Tidak ada Pengumuman Tersedia",
  "Assignment Create": "Buat Tugas",
  "Update Assignment": "Perbarui Tugas",
  "This Weeks": "Minggu Ini",
  "This Months": "Bulan Ini",
  "This Year": "Tahun Ini",
  "Attached File": "File Terlampir",
  "Date of Issue": "Tanggal Penerbitan",
  "Mark as Paid": "Tandai sebagai Sudah Dibayar",
  "Accountant": "Akuntan",
  "Admin": "Admin",
  "Submit Now": "Kirim Sekarang",
  "Submit Again": "Kirim Lagi",
  "You cant ban yourself": "Anda tidak dapat melarang diri sendiri",
  "Create a New Class": "Buat Kelas Baru",
  "Write to add type": "Tulis untuk menambahkan tipe",
  "Your payment has been successfully processed": "Pembayaran Anda telah berhasil diproses",
  "Payment Succeeded": "Pembayaran Berhasil",
  "Go to dashboard": "Pergi ke dasbor",
  "Submit Admission Request": "Kirim Permintaan Pendaftaran",
  "Submission": "Pengajuan",
  "Remaining": "Sisa",
  "Students Remaining": "Siswa Tersisa",
  "Mark As Completed": "Tandai Sebagai Selesai",
  "Payment Invoices": "Faktur Pembayaran",
  "Exams and Grades": "Ujian dan Nilai",
  "Parent List": "Daftar Orang Tua",
  "Upcoming Event": "Acara Mendatang",
  "Today Schedule": "Jadwal Hari Ini",
  "Upcoming Exams": "Ujian Mendatang",
  "Not Submitted Yet": "Belum Dikirimkan",
  "Add Subject": "Tambahkan Mata Pelajaran",
  "Icon": "Ikon",
  "This Year Transaction": "Transaksi Tahun Ini",
  "Upcoming Classes": "Kelas Mendatang",
  "Next Assignment": "Tugas Selanjutnya",
  "Upcoming Assignment": "Tugas Mendatang",
  "New Leave Request": "Permintaan Cuti Baru",
  "Total Submitted Assignments": "Total Tugas yang Dikumpulkan",
  "Total Remaining Assignments": "Total Tugas yang Tersisa",
  "Not submitted yet": "Belum Dikumpulkan",
  "Permissions": "Izin",
  "No Permission": "Tidak Ada Izin",
  "Get SVG Icon": "Dapatkan Ikon SVG",
  "Your Address": "Alamat Anda",
  "Exam Results": "Hasil Ujian",
  "Exam & Results": "Ujian & Hasil",
  "Select Exam": "Pilih Ujian",
  "Publish New Result": "Publikasikan Hasil Baru",
  "Publish Exam Result": "Publikasikan Hasil Ujian",
  "Edit Exam Result": "Edit Hasil Ujian",
  "Download Result Sheets": "Unduh Lembar Hasil",
  "Exam Grade Rules": "Aturan Grade Ujian",
  "Key to Grades": "Kunci untuk Grade",
  "Current Result": "Hasil Saat Ini",
  "Next Course Status": "Status Kursus Selanjutnya",
  "Promotion To": "Promosi Ke",
  "Promotion From": "Promosi Dari",
  "Pass": "Lulus",
  "Fail": "Tidak Lulus",
  "Continue": "Lanjutkan",
  "Promote": "Promosikan",
  "Start Day of week": "Hari Mulai Minggu",
  "Date Format": "Format Tanggal",
  "Currency Format": "Format Mata Uang",
  "help_and_support": "Bantuan dan Dukungan",
  "documentation": "Dokumentasi",
  "product_roadmap": "Peta Jalan Produk",
  "give_feedback": "Beri Umpan Balik",
  "about_us": "Tentang Kami",
  "hire_us": "Rekrut Kami",
  "developed_by_templatecookie" : "Developed By Fathforce"
}














